variant,platform,step,median_ns,steady_state_start
baseline,JVM,0,7148600,4
baseline,JVM,1,23550,4
baseline,JVM,2,15850,4
baseline,JVM,3,11650,4
baseline,JVM,4,10450,4
baseline,JVM,5,10850,4
baseline,JVM,6,18200,4
baseline,JVM,7,6301,4
baseline,JVM,8,7051,4
baseline,JVM,9,6750,4
baseline,JVM,10,5999,4
baseline,JVM,11,6001,4
baseline,JVM,12,6101,4
baseline,JVM,13,6101,4
baseline,JVM,14,6101,4
baseline,JVM,15,6101,4
baseline,JVM,16,6250,4
baseline,JVM,17,7100,4
baseline,JVM,18,6100,4
baseline,JVM,19,10200,4
baseline,JVM,20,7300,4
baseline,JVM,21,6100,4
baseline,JVM,22,6000,4
baseline,JVM,23,6000,4
baseline,JVM,24,6000,4
baseline,JVM,25,6850,4
baseline,JVM,26,6200,4
baseline,JVM,27,6001,4
baseline,JVM,28,6101,4
baseline,JVM,29,8601,4
baseline,JVM,30,6001,4
baseline,JVM,31,6150,4
baseline,JVM,32,6000,4
baseline,JVM,33,6000,4
baseline,JVM,34,6751,4
baseline,JVM,35,6051,4
baseline,JVM,36,6101,4
baseline,JVM,37,5999,4
baseline,JVM,38,6101,4
baseline,JVM,39,6000,4
baseline,JVM,40,6000,4
baseline,JVM,41,6000,4
baseline,JVM,42,5900,4
baseline,JVM,43,14950,4
baseline,JVM,44,6001,4
baseline,JVM,45,6050,4
baseline,JVM,46,5900,4
baseline,JVM,47,5899,4
baseline,JVM,48,6051,4
baseline,JVM,49,5851,4
baseline,JVM,50,5900,4
baseline,JVM,51,6799,4
baseline,JVM,52,6100,4
baseline,JVM,53,5800,4
baseline,JVM,54,6799,4
baseline,JVM,55,5900,4
baseline,JVM,56,5801,4
baseline,JVM,57,22801,4
baseline,JVM,58,6300,4
baseline,JVM,59,5799,4
baseline,JVM,60,6551,4
baseline,JVM,61,5700,4
baseline,JVM,62,5800,4
baseline,JVM,63,6449,4
baseline,JVM,64,5901,4
baseline,JVM,65,5800,4
baseline,JVM,66,6700,4
baseline,JVM,67,5800,4
baseline,JVM,68,6500,4
baseline,JVM,69,5750,4
baseline,JVM,70,5600,4
baseline,JVM,71,5550,4
baseline,JVM,72,5800,4
baseline,JVM,73,5600,4
baseline,JVM,74,5649,4
baseline,JVM,75,5501,4
baseline,JVM,76,5550,4
baseline,JVM,77,6150,4
baseline,JVM,78,5500,4
baseline,JVM,79,5401,4
baseline,JVM,80,5450,4
baseline,JVM,81,5500,4
baseline,JVM,82,5400,4
baseline,JVM,83,5400,4
baseline,JVM,84,5500,4
baseline,JVM,85,9951,4
baseline,JVM,86,6250,4
baseline,JVM,87,5551,4
baseline,JVM,88,5401,4
baseline,JVM,89,5400,4
baseline,JVM,90,5400,4
baseline,JVM,91,5350,4
baseline,JVM,92,5399,4
baseline,JVM,93,5300,4
baseline,JVM,94,6101,4
baseline,JVM,95,5400,4
baseline,JVM,96,5700,4
baseline,JVM,97,5400,4
baseline,JVM,98,5401,4
baseline,JVM,99,5201,4
baseline,JVM,100,5400,4
baseline,JVM,101,6150,4
baseline,JVM,102,5600,4
baseline,JVM,103,6251,4
baseline,JVM,104,5201,4
baseline,JVM,105,5150,4
baseline,JVM,106,5200,4
baseline,JVM,107,5351,4
baseline,JVM,108,5299,4
baseline,JVM,109,5250,4
baseline,JVM,110,5201,4
baseline,JVM,111,6001,4
baseline,JVM,112,5200,4
baseline,JVM,113,5250,4
baseline,JVM,114,5201,4
baseline,JVM,115,5200,4
baseline,JVM,116,5200,4
baseline,JVM,117,5200,4
baseline,JVM,118,5100,4
baseline,JVM,119,5201,4
baseline,JVM,120,9750,4
baseline,JVM,121,5250,4
baseline,JVM,122,5251,4
baseline,JVM,123,5200,4
baseline,JVM,124,5201,4
baseline,JVM,125,5100,4
baseline,JVM,126,5050,4
baseline,JVM,127,6001,4
baseline,JVM,128,6000,4
baseline,JVM,129,5199,4
baseline,JVM,130,4900,4
baseline,JVM,131,2701,4
baseline,JVM,132,2501,4
baseline,JVM,133,2500,4
baseline,JVM,134,2400,4
baseline,JVM,135,2301,4
baseline,JVM,136,2301,4
baseline,JVM,137,2300,4
baseline,JVM,138,2250,4
baseline,JVM,139,2301,4
baseline,JVM,140,2200,4
baseline,JVM,141,2250,4
baseline,JVM,142,2400,4
baseline,JVM,143,2300,4
baseline,JVM,144,2200,4
baseline,JVM,145,2151,4
baseline,JVM,146,2200,4
baseline,JVM,147,2250,4
baseline,JVM,148,2250,4
baseline,JVM,149,2200,4
k-perf,JVM,0,13174551,29
k-perf,JVM,1,1363450,29
k-perf,JVM,2,1310551,29
k-perf,JVM,3,890400,29
k-perf,JVM,4,831801,29
k-perf,JVM,5,1242200,29
k-perf,JVM,6,562850,29
k-perf,JVM,7,552750,29
k-perf,JVM,8,487300,29
k-perf,JVM,9,512750,29
k-perf,JVM,10,554650,29
k-perf,JVM,11,396950,29
k-perf,JVM,12,412800,29
k-perf,JVM,13,382250,29
k-perf,JVM,14,380151,29
k-perf,JVM,15,348000,29
k-perf,JVM,16,396550,29
k-perf,JVM,17,282701,29
k-perf,JVM,18,279951,29
k-perf,JVM,19,306700,29
k-perf,JVM,20,264950,29
k-perf,JVM,21,350300,29
k-perf,JVM,22,257850,29
k-perf,JVM,23,238650,29
k-perf,JVM,24,233101,29
k-perf,JVM,25,237550,29
k-perf,JVM,26,224800,29
k-perf,JVM,27,360050,29
k-perf,JVM,28,232600,29
k-perf,JVM,29,208249,29
k-perf,JVM,30,203500,29
k-perf,JVM,31,250300,29
k-perf,JVM,32,166799,29
k-perf,JVM,33,248200,29
k-perf,JVM,34,218401,29
k-perf,JVM,35,173601,29
k-perf,JVM,36,170050,29
k-perf,JVM,37,173700,29
k-perf,JVM,38,268151,29
k-perf,JVM,39,168700,29
k-perf,JVM,40,193350,29
k-perf,JVM,41,171800,29
k-perf,JVM,42,172200,29
k-perf,JVM,43,186251,29
k-perf,JVM,44,274050,29
k-perf,JVM,45,191349,29
k-perf,JVM,46,170800,29
k-perf,JVM,47,173150,29
k-perf,JVM,48,150501,29
k-perf,JVM,49,239100,29
k-perf,JVM,50,209451,29
k-perf,JVM,51,144001,29
k-perf,JVM,52,152150,29
k-perf,JVM,53,183600,29
k-perf,JVM,54,161950,29
k-perf,JVM,55,236550,29
k-perf,JVM,56,136950,29
k-perf,JVM,57,144551,29
k-perf,JVM,58,159850,29
k-perf,JVM,59,163050,29
k-perf,JVM,60,115250,29
k-perf,JVM,61,219601,29
k-perf,JVM,62,137350,29
k-perf,JVM,63,126800,29
k-perf,JVM,64,196800,29
k-perf,JVM,65,203450,29
k-perf,JVM,66,199101,29
k-perf,JVM,67,139200,29
k-perf,JVM,68,150300,29
k-perf,JVM,69,141150,29
k-perf,JVM,70,147250,29
k-perf,JVM,71,165350,29
k-perf,JVM,72,202250,29
k-perf,JVM,73,173500,29
k-perf,JVM,74,129751,29
k-perf,JVM,75,128650,29
k-perf,JVM,76,137000,29
k-perf,JVM,77,132501,29
k-perf,JVM,78,176749,29
k-perf,JVM,79,120501,29
k-perf,JVM,80,119850,29
k-perf,JVM,81,116799,29
k-perf,JVM,82,141550,29
k-perf,JVM,83,184201,29
k-perf,JVM,84,126300,29
k-perf,JVM,85,134800,29
k-perf,JVM,86,117751,29
k-perf,JVM,87,143800,29
k-perf,JVM,88,151750,29
k-perf,JVM,89,152801,29
k-perf,JVM,90,110050,29
k-perf,JVM,91,145400,29
k-perf,JVM,92,123550,29
k-perf,JVM,93,107450,29
k-perf,JVM,94,140600,29
k-perf,JVM,95,121050,29
k-perf,JVM,96,98101,29
k-perf,JVM,97,103900,29
k-perf,JVM,98,95400,29
k-perf,JVM,99,100951,29
k-perf,JVM,100,147401,29
k-perf,JVM,101,129350,29
k-perf,JVM,102,107401,29
k-perf,JVM,103,117399,29
k-perf,JVM,104,109700,29
k-perf,JVM,105,126850,29
k-perf,JVM,106,151451,29
k-perf,JVM,107,91950,29
k-perf,JVM,108,104951,29
k-perf,JVM,109,132850,29
k-perf,JVM,110,127350,29
k-perf,JVM,111,151151,29
k-perf,JVM,112,126400,29
k-perf,JVM,113,88950,29
k-perf,JVM,114,88450,29
k-perf,JVM,115,95900,29
k-perf,JVM,116,91850,29
k-perf,JVM,117,121351,29
k-perf,JVM,118,102800,29
k-perf,JVM,119,97750,29
k-perf,JVM,120,86550,29
k-perf,JVM,121,86099,29
k-perf,JVM,122,88650,29
k-perf,JVM,123,112100,29
k-perf,JVM,124,94650,29
k-perf,JVM,125,99050,29
k-perf,JVM,126,111350,29
k-perf,JVM,127,102400,29
k-perf,JVM,128,123299,29
k-perf,JVM,129,119551,29
k-perf,JVM,130,100001,29
k-perf,JVM,131,93600,29
k-perf,JVM,132,113500,29
k-perf,JVM,133,123300,29
k-perf,JVM,134,122451,29
k-perf,JVM,135,88750,29
k-perf,JVM,136,108550,29
k-perf,JVM,137,81601,29
k-perf,JVM,138,86801,29
k-perf,JVM,139,87150,29
k-perf,JVM,140,136151,29
k-perf,JVM,141,82950,29
k-perf,JVM,142,93299,29
k-perf,JVM,143,88350,29
k-perf,JVM,144,90400,29
k-perf,JVM,145,121901,29
k-perf,JVM,146,115951,29
k-perf,JVM,147,84500,29
k-perf,JVM,148,86201,29
k-perf,JVM,149,85750,29
otel,JVM,0,12270751,36
otel,JVM,1,6421500,36
otel,JVM,2,36518951,36
otel,JVM,3,3781400,36
otel,JVM,4,3436250,36
otel,JVM,5,14818201,36
otel,JVM,6,2768350,36
otel,JVM,7,2763401,36
otel,JVM,8,13107101,36
otel,JVM,9,1959700,36
otel,JVM,10,2212200,36
otel,JVM,11,8601450,36
otel,JVM,12,1749650,36
otel,JVM,13,1534750,36
otel,JVM,14,4997300,36
otel,JVM,15,1475750,36
otel,JVM,16,1483250,36
otel,JVM,17,4735350,36
otel,JVM,18,1200651,36
otel,JVM,19,1229900,36
otel,JVM,20,4938450,36
otel,JVM,21,1303100,36
otel,JVM,22,5377000,36
otel,JVM,23,1482400,36
otel,JVM,24,1233550,36
otel,JVM,25,5632400,36
otel,JVM,26,1657600,36
otel,JVM,27,1609500,36
otel,JVM,28,6874650,36
otel,JVM,29,1584550,36
otel,JVM,30,1474650,36
otel,JVM,31,9201500,36
otel,JVM,32,1270551,36
otel,JVM,33,1132750,36
otel,JVM,34,5660499,36
otel,JVM,35,1024500,36
otel,JVM,36,935600,36
otel,JVM,37,4873250,36
otel,JVM,38,883550,36
otel,JVM,39,807700,36
otel,JVM,40,4289150,36
otel,JVM,41,831350,36
otel,JVM,42,3269600,36
otel,JVM,43,780400,36
otel,JVM,44,725850,36
otel,JVM,45,2626300,36
otel,JVM,46,721199,36
otel,JVM,47,614400,36
otel,JVM,48,2098651,36
otel,JVM,49,481900,36
otel,JVM,50,512550,36
otel,JVM,51,2215850,36
otel,JVM,52,501651,36
otel,JVM,53,479150,36
otel,JVM,54,1860351,36
otel,JVM,55,578050,36
otel,JVM,56,559900,36
otel,JVM,57,1979401,36
otel,JVM,58,511700,36
otel,JVM,59,431750,36
otel,JVM,60,1912251,36
otel,JVM,61,489051,36
otel,JVM,62,1672601,36
otel,JVM,63,385451,36
otel,JVM,64,479100,36
otel,JVM,65,1690400,36
otel,JVM,66,397801,36
otel,JVM,67,399201,36
otel,JVM,68,1666850,36
otel,JVM,69,424850,36
otel,JVM,70,348900,36
otel,JVM,71,1555300,36
otel,JVM,72,431950,36
otel,JVM,73,410500,36
otel,JVM,74,1543049,36
otel,JVM,75,452500,36
otel,JVM,76,451251,36
otel,JVM,77,1593101,36
otel,JVM,78,359651,36
otel,JVM,79,390800,36
otel,JVM,80,1740800,36
otel,JVM,81,486200,36
otel,JVM,82,1770500,36
otel,JVM,83,424100,36
otel,JVM,84,463851,36
otel,JVM,85,1710751,36
otel,JVM,86,373850,36
otel,JVM,87,430300,36
otel,JVM,88,1771700,36
otel,JVM,89,396750,36
otel,JVM,90,402350,36
otel,JVM,91,1685050,36
otel,JVM,92,412950,36
otel,JVM,93,347050,36
otel,JVM,94,1484950,36
otel,JVM,95,421200,36
otel,JVM,96,361150,36
otel,JVM,97,1912350,36
otel,JVM,98,442801,36
otel,JVM,99,487101,36
otel,JVM,100,1706001,36
otel,JVM,101,472351,36
otel,JVM,102,1830850,36
otel,JVM,103,401951,36
otel,JVM,104,405800,36
otel,JVM,105,1710150,36
otel,JVM,106,380200,36
otel,JVM,107,407000,36
otel,JVM,108,1709500,36
otel,JVM,109,452600,36
otel,JVM,110,471050,36
otel,JVM,111,1719250,36
otel,JVM,112,559950,36
otel,JVM,113,521900,36
otel,JVM,114,1605751,36
otel,JVM,115,425500,36
otel,JVM,116,399700,36
otel,JVM,117,2193250,36
otel,JVM,118,488851,36
otel,JVM,119,459051,36
otel,JVM,120,1836650,36
otel,JVM,121,544301,36
otel,JVM,122,1859950,36
otel,JVM,123,572001,36
otel,JVM,124,526851,36
otel,JVM,125,1957151,36
otel,JVM,126,424800,36
otel,JVM,127,477701,36
otel,JVM,128,1942199,36
otel,JVM,129,473300,36
otel,JVM,130,533151,36
otel,JVM,131,1770050,36
otel,JVM,132,475901,36
otel,JVM,133,490200,36
otel,JVM,134,1824150,36
otel,JVM,135,520550,36
otel,JVM,136,463601,36
otel,JVM,137,1828100,36
otel,JVM,138,470100,36
otel,JVM,139,550099,36
otel,JVM,140,1997301,36
otel,JVM,141,413750,36
otel,JVM,142,476200,36
otel,JVM,143,2263800,36
otel,JVM,144,463549,36
otel,JVM,145,2218350,36
otel,JVM,146,521900,36
otel,JVM,147,437900,36
otel,JVM,148,2124300,36
otel,JVM,149,407551,36
otel-proto,JVM,0,12755600,19
otel-proto,JVM,1,6130101,19
otel-proto,JVM,2,4932101,19
otel-proto,JVM,3,4184101,19
otel-proto,JVM,4,3812150,19
otel-proto,JVM,5,3151650,19
otel-proto,JVM,6,2754400,19
otel-proto,JVM,7,2620000,19
otel-proto,JVM,8,2247051,19
otel-proto,JVM,9,2059350,19
otel-proto,JVM,10,5389601,19
otel-proto,JVM,11,1604050,19
otel-proto,JVM,12,1011101,19
otel-proto,JVM,13,882001,19
otel-proto,JVM,14,934350,19
otel-proto,JVM,15,1022750,19
otel-proto,JVM,16,924150,19
otel-proto,JVM,17,906500,19
otel-proto,JVM,18,845051,19
otel-proto,JVM,19,769950,19
otel-proto,JVM,20,753701,19
otel-proto,JVM,21,689551,19
otel-proto,JVM,22,632051,19
otel-proto,JVM,23,601950,19
otel-proto,JVM,24,610551,19
otel-proto,JVM,25,673551,19
otel-proto,JVM,26,644001,19
otel-proto,JVM,27,659100,19
otel-proto,JVM,28,566500,19
otel-proto,JVM,29,645850,19
otel-proto,JVM,30,552150,19
otel-proto,JVM,31,520200,19
otel-proto,JVM,32,488300,19
otel-proto,JVM,33,488299,19
otel-proto,JVM,34,492650,19
otel-proto,JVM,35,495000,19
otel-proto,JVM,36,515250,19
otel-proto,JVM,37,458950,19
otel-proto,JVM,38,392800,19
otel-proto,JVM,39,393301,19
otel-proto,JVM,40,372101,19
otel-proto,JVM,41,422000,19
otel-proto,JVM,42,491400,19
otel-proto,JVM,43,410350,19
otel-proto,JVM,44,385300,19
otel-proto,JVM,45,385300,19
otel-proto,JVM,46,475350,19
otel-proto,JVM,47,436150,19
otel-proto,JVM,48,408200,19
otel-proto,JVM,49,398450,19
otel-proto,JVM,50,388550,19
otel-proto,JVM,51,409800,19
otel-proto,JVM,52,583200,19
otel-proto,JVM,53,397201,19
otel-proto,JVM,54,425450,19
otel-proto,JVM,55,350901,19
otel-proto,JVM,56,345200,19
otel-proto,JVM,57,372600,19
otel-proto,JVM,58,445700,19
otel-proto,JVM,59,371400,19
otel-proto,JVM,60,395999,19
otel-proto,JVM,61,364800,19
otel-proto,JVM,62,308500,19
otel-proto,JVM,63,457850,19
otel-proto,JVM,64,388850,19
otel-proto,JVM,65,428200,19
otel-proto,JVM,66,401901,19
otel-proto,JVM,67,338450,19
otel-proto,JVM,68,317050,19
otel-proto,JVM,69,344300,19
otel-proto,JVM,70,307901,19
otel-proto,JVM,71,321450,19
otel-proto,JVM,72,334250,19
otel-proto,JVM,73,305750,19
otel-proto,JVM,74,375001,19
otel-proto,JVM,75,434251,19
otel-proto,JVM,76,327000,19
otel-proto,JVM,77,322900,19
otel-proto,JVM,78,308400,19
otel-proto,JVM,79,294900,19
otel-proto,JVM,80,288650,19
otel-proto,JVM,81,295850,19
otel-proto,JVM,82,306700,19
otel-proto,JVM,83,295250,19
otel-proto,JVM,84,317600,19
otel-proto,JVM,85,422700,19
otel-proto,JVM,86,428200,19
otel-proto,JVM,87,415300,19
otel-proto,JVM,88,500951,19
otel-proto,JVM,89,427400,19
otel-proto,JVM,90,285800,19
otel-proto,JVM,91,271951,19
otel-proto,JVM,92,283250,19
otel-proto,JVM,93,262950,19
otel-proto,JVM,94,505401,19
otel-proto,JVM,95,344900,19
otel-proto,JVM,96,387900,19
otel-proto,JVM,97,348750,19
otel-proto,JVM,98,343450,19
otel-proto,JVM,99,351401,19
otel-proto,JVM,100,1517151,19
otel-proto,JVM,101,381851,19
otel-proto,JVM,102,381000,19
otel-proto,JVM,103,385400,19
otel-proto,JVM,104,437201,19
otel-proto,JVM,105,457651,19
otel-proto,JVM,106,391351,19
otel-proto,JVM,107,429700,19
otel-proto,JVM,108,395850,19
otel-proto,JVM,109,410200,19
otel-proto,JVM,110,382851,19
otel-proto,JVM,111,440101,19
otel-proto,JVM,112,397450,19
otel-proto,JVM,113,389150,19
otel-proto,JVM,114,406300,19
otel-proto,JVM,115,408550,19
otel-proto,JVM,116,391250,19
otel-proto,JVM,117,424000,19
otel-proto,JVM,118,504750,19
otel-proto,JVM,119,432151,19
otel-proto,JVM,120,391750,19
otel-proto,JVM,121,419151,19
otel-proto,JVM,122,498950,19
otel-proto,JVM,123,405300,19
otel-proto,JVM,124,464100,19
otel-proto,JVM,125,416900,19
otel-proto,JVM,126,428550,19
otel-proto,JVM,127,438500,19
otel-proto,JVM,128,469250,19
otel-proto,JVM,129,394301,19
otel-proto,JVM,130,394500,19
otel-proto,JVM,131,383150,19
otel-proto,JVM,132,373450,19
otel-proto,JVM,133,397751,19
otel-proto,JVM,134,405249,19
otel-proto,JVM,135,391751,19
otel-proto,JVM,136,372700,19
otel-proto,JVM,137,377550,19
otel-proto,JVM,138,386349,19
otel-proto,JVM,139,367001,19
otel-proto,JVM,140,406000,19
otel-proto,JVM,141,419000,19
otel-proto,JVM,142,376951,19
otel-proto,JVM,143,409150,19
otel-proto,JVM,144,622101,19
otel-proto,JVM,145,601050,19
otel-proto,JVM,146,383000,19
otel-proto,JVM,147,375651,19
otel-proto,JVM,148,387400,19
otel-proto,JVM,149,378750,19
otel-proto-timesource,JVM,0,12871950,19
otel-proto-timesource,JVM,1,6341151,19
otel-proto-timesource,JVM,2,5057950,19
otel-proto-timesource,JVM,3,4027650,19
otel-proto-timesource,JVM,4,3654350,19
otel-proto-timesource,JVM,5,3286650,19
otel-proto-timesource,JVM,6,2628651,19
otel-proto-timesource,JVM,7,2321451,19
otel-proto-timesource,JVM,8,2201950,19
otel-proto-timesource,JVM,9,2343801,19
otel-proto-timesource,JVM,10,4758001,19
otel-proto-timesource,JVM,11,1498350,19
otel-proto-timesource,JVM,12,829100,19
otel-proto-timesource,JVM,13,802850,19
otel-proto-timesource,JVM,14,857149,19
otel-proto-timesource,JVM,15,991000,19
otel-proto-timesource,JVM,16,823800,19
otel-proto-timesource,JVM,17,713450,19
otel-proto-timesource,JVM,18,764000,19
otel-proto-timesource,JVM,19,647401,19
otel-proto-timesource,JVM,20,637951,19
otel-proto-timesource,JVM,21,602050,19
otel-proto-timesource,JVM,22,549150,19
otel-proto-timesource,JVM,23,505350,19
otel-proto-timesource,JVM,24,542701,19
otel-proto-timesource,JVM,25,548350,19
otel-proto-timesource,JVM,26,510999,19
otel-proto-timesource,JVM,27,536200,19
otel-proto-timesource,JVM,28,456450,19
otel-proto-timesource,JVM,29,462800,19
otel-proto-timesource,JVM,30,500000,19
otel-proto-timesource,JVM,31,516950,19
otel-proto-timesource,JVM,32,407800,19
otel-proto-timesource,JVM,33,409150,19
otel-proto-timesource,JVM,34,416400,19
otel-proto-timesource,JVM,35,374550,19
otel-proto-timesource,JVM,36,364500,19
otel-proto-timesource,JVM,37,397900,19
otel-proto-timesource,JVM,38,349050,19
otel-proto-timesource,JVM,39,355451,19
otel-proto-timesource,JVM,40,336650,19
otel-proto-timesource,JVM,41,342701,19
otel-proto-timesource,JVM,42,396750,19
otel-proto-timesource,JVM,43,380150,19
otel-proto-timesource,JVM,44,364851,19
otel-proto-timesource,JVM,45,371600,19
otel-proto-timesource,JVM,46,365350,19
otel-proto-timesource,JVM,47,321700,19
otel-proto-timesource,JVM,48,327901,19
otel-proto-timesource,JVM,49,345900,19
otel-proto-timesource,JVM,50,340850,19
otel-proto-timesource,JVM,51,323950,19
otel-proto-timesource,JVM,52,332100,19
otel-proto-timesource,JVM,53,299651,19
otel-proto-timesource,JVM,54,332650,19
otel-proto-timesource,JVM,55,306450,19
otel-proto-timesource,JVM,56,317550,19
otel-proto-timesource,JVM,57,313900,19
otel-proto-timesource,JVM,58,557100,19
otel-proto-timesource,JVM,59,313750,19
otel-proto-timesource,JVM,60,352200,19
otel-proto-timesource,JVM,61,320000,19
otel-proto-timesource,JVM,62,272901,19
otel-proto-timesource,JVM,63,306200,19
otel-proto-timesource,JVM,64,286600,19
otel-proto-timesource,JVM,65,396850,19
otel-proto-timesource,JVM,66,301350,19
otel-proto-timesource,JVM,67,319851,19
otel-proto-timesource,JVM,68,301501,19
otel-proto-timesource,JVM,69,298200,19
otel-proto-timesource,JVM,70,308100,19
otel-proto-timesource,JVM,71,376050,19
otel-proto-timesource,JVM,72,330400,19
otel-proto-timesource,JVM,73,300801,19
otel-proto-timesource,JVM,74,275051,19
otel-proto-timesource,JVM,75,285201,19
otel-proto-timesource,JVM,76,274300,19
otel-proto-timesource,JVM,77,300651,19
otel-proto-timesource,JVM,78,259551,19
otel-proto-timesource,JVM,79,261200,19
otel-proto-timesource,JVM,80,264250,19
otel-proto-timesource,JVM,81,258650,19
otel-proto-timesource,JVM,82,281600,19
otel-proto-timesource,JVM,83,366400,19
otel-proto-timesource,JVM,84,287150,19
otel-proto-timesource,JVM,85,278200,19
otel-proto-timesource,JVM,86,289751,19
otel-proto-timesource,JVM,87,330449,19
otel-proto-timesource,JVM,88,340400,19
otel-proto-timesource,JVM,89,298601,19
otel-proto-timesource,JVM,90,285301,19
otel-proto-timesource,JVM,91,326200,19
otel-proto-timesource,JVM,92,309751,19
otel-proto-timesource,JVM,93,303300,19
otel-proto-timesource,JVM,94,525550,19
otel-proto-timesource,JVM,95,340101,19
otel-proto-timesource,JVM,96,336501,19
otel-proto-timesource,JVM,97,329701,19
otel-proto-timesource,JVM,98,402499,19
otel-proto-timesource,JVM,99,353950,19
otel-proto-timesource,JVM,100,560800,19
otel-proto-timesource,JVM,101,399201,19
otel-proto-timesource,JVM,102,383001,19
otel-proto-timesource,JVM,103,374850,19
otel-proto-timesource,JVM,104,382850,19
otel-proto-timesource,JVM,105,402951,19
otel-proto-timesource,JVM,106,368600,19
otel-proto-timesource,JVM,107,355700,19
otel-proto-timesource,JVM,108,346850,19
otel-proto-timesource,JVM,109,344500,19
otel-proto-timesource,JVM,110,353600,19
otel-proto-timesource,JVM,111,408151,19
otel-proto-timesource,JVM,112,346900,19
otel-proto-timesource,JVM,113,345451,19
otel-proto-timesource,JVM,114,357449,19
otel-proto-timesource,JVM,115,330750,19
otel-proto-timesource,JVM,116,343550,19
otel-proto-timesource,JVM,117,361450,19
otel-proto-timesource,JVM,118,343400,19
otel-proto-timesource,JVM,119,371250,19
otel-proto-timesource,JVM,120,346850,19
otel-proto-timesource,JVM,121,378100,19
otel-proto-timesource,JVM,122,382550,19
otel-proto-timesource,JVM,123,368900,19
otel-proto-timesource,JVM,124,358251,19
otel-proto-timesource,JVM,125,341950,19
otel-proto-timesource,JVM,126,452050,19
otel-proto-timesource,JVM,127,403001,19
otel-proto-timesource,JVM,128,457250,19
otel-proto-timesource,JVM,129,411001,19
otel-proto-timesource,JVM,130,392350,19
otel-proto-timesource,JVM,131,382651,19
otel-proto-timesource,JVM,132,375000,19
otel-proto-timesource,JVM,133,381950,19
otel-proto-timesource,JVM,134,389400,19
otel-proto-timesource,JVM,135,384450,19
otel-proto-timesource,JVM,136,350001,19
otel-proto-timesource,JVM,137,373000,19
otel-proto-timesource,JVM,138,356800,19
otel-proto-timesource,JVM,139,365500,19
otel-proto-timesource,JVM,140,384750,19
otel-proto-timesource,JVM,141,366200,19
otel-proto-timesource,JVM,142,370350,19
otel-proto-timesource,JVM,143,340100,19
otel-proto-timesource,JVM,144,361800,19
otel-proto-timesource,JVM,145,355400,19
otel-proto-timesource,JVM,146,351400,19
otel-proto-timesource,JVM,147,346000,19
otel-proto-timesource,JVM,148,339951,19
otel-proto-timesource,JVM,149,334800,19
baseline,JS,0,983400,16
baseline,JS,1,135600,16
baseline,JS,2,76100,16
baseline,JS,3,66100,16
baseline,JS,4,86700,16
baseline,JS,5,68200,16
baseline,JS,6,66900,16
baseline,JS,7,29700,16
baseline,JS,8,23400,16
baseline,JS,9,22500,16
baseline,JS,10,40900,16
baseline,JS,11,22300,16
baseline,JS,12,20800,16
baseline,JS,13,47150,16
baseline,JS,14,35550,16
baseline,JS,15,36000,16
baseline,JS,16,10550,16
baseline,JS,17,13050,16
baseline,JS,18,12300,16
baseline,JS,19,15850,16
baseline,JS,20,10000,16
baseline,JS,21,226350,16
baseline,JS,22,10100,16
baseline,JS,23,9800,16
baseline,JS,24,39100,16
baseline,JS,25,34050,16
baseline,JS,26,10550,16
baseline,JS,27,9400,16
baseline,JS,28,654800,16
baseline,JS,29,14850,16
baseline,JS,30,15100,16
baseline,JS,31,16900,16
baseline,JS,32,16050,16
baseline,JS,33,12850,16
baseline,JS,34,42350,16
baseline,JS,35,10350,16
baseline,JS,36,9250,16
baseline,JS,37,10100,16
baseline,JS,38,12850,16
baseline,JS,39,14300,16
baseline,JS,40,14100,16
baseline,JS,41,13700,16
baseline,JS,42,15300,16
baseline,JS,43,8600,16
baseline,JS,44,8350,16
baseline,JS,45,8400,16
baseline,JS,46,8550,16
baseline,JS,47,8800,16
baseline,JS,48,9350,16
baseline,JS,49,8500,16
baseline,JS,50,8500,16
baseline,JS,51,13800,16
baseline,JS,52,9150,16
baseline,JS,53,8850,16
baseline,JS,54,9200,16
baseline,JS,55,12900,16
baseline,JS,56,12800,16
baseline,JS,57,12450,16
baseline,JS,58,11500,16
baseline,JS,59,13100,16
baseline,JS,60,11050,16
baseline,JS,61,7900,16
baseline,JS,62,7950,16
baseline,JS,63,7950,16
baseline,JS,64,13600,16
baseline,JS,65,7900,16
baseline,JS,66,7900,16
baseline,JS,67,8650,16
baseline,JS,68,34450,16
baseline,JS,69,8600,16
baseline,JS,70,8000,16
baseline,JS,71,7900,16
baseline,JS,72,8550,16
baseline,JS,73,11350,16
baseline,JS,74,8350,16
baseline,JS,75,8000,16
baseline,JS,76,8550,16
baseline,JS,77,8750,16
baseline,JS,78,7850,16
baseline,JS,79,7400,16
baseline,JS,80,7500,16
baseline,JS,81,7600,16
baseline,JS,82,34050,16
baseline,JS,83,7500,16
baseline,JS,84,29100,16
baseline,JS,85,48150,16
baseline,JS,86,7600,16
baseline,JS,87,7200,16
baseline,JS,88,7100,16
baseline,JS,89,6800,16
baseline,JS,90,8050,16
baseline,JS,91,7650,16
baseline,JS,92,7150,16
baseline,JS,93,6850,16
baseline,JS,94,6850,16
baseline,JS,95,7000,16
baseline,JS,96,6800,16
baseline,JS,97,32650,16
baseline,JS,98,6800,16
baseline,JS,99,6450,16
baseline,JS,100,6550,16
baseline,JS,101,6450,16
baseline,JS,102,7800,16
baseline,JS,103,10050,16
baseline,JS,104,7950,16
baseline,JS,105,8150,16
baseline,JS,106,8800,16
baseline,JS,107,8300,16
baseline,JS,108,6850,16
baseline,JS,109,6300,16
baseline,JS,110,8200,16
baseline,JS,111,6850,16
baseline,JS,112,6650,16
baseline,JS,113,8200,16
baseline,JS,114,6650,16
baseline,JS,115,6450,16
baseline,JS,116,6350,16
baseline,JS,117,6400,16
baseline,JS,118,6200,16
baseline,JS,119,7900,16
baseline,JS,120,28650,16
baseline,JS,121,7400,16
baseline,JS,122,6850,16
baseline,JS,123,7000,16
baseline,JS,124,6400,16
baseline,JS,125,7850,16
baseline,JS,126,9250,16
baseline,JS,127,9400,16
baseline,JS,128,8750,16
baseline,JS,129,9250,16
baseline,JS,130,6550,16
baseline,JS,131,6250,16
baseline,JS,132,6250,16
baseline,JS,133,6100,16
baseline,JS,134,6400,16
baseline,JS,135,6000,16
baseline,JS,136,6100,16
baseline,JS,137,8700,16
baseline,JS,138,7300,16
baseline,JS,139,7700,16
baseline,JS,140,14200,16
baseline,JS,141,10350,16
baseline,JS,142,6850,16
baseline,JS,143,8450,16
baseline,JS,144,7250,16
baseline,JS,145,6050,16
baseline,JS,146,5700,16
baseline,JS,147,6200,16
baseline,JS,148,5250,16
baseline,JS,149,5250,16
k-perf,JS,0,6130400,6
k-perf,JS,1,1940000,6
k-perf,JS,2,1855250,6
k-perf,JS,3,847600,6
k-perf,JS,4,1090200,6
k-perf,JS,5,2974850,6
k-perf,JS,6,681600,6
k-perf,JS,7,873850,6
k-perf,JS,8,738750,6
k-perf,JS,9,615450,6
k-perf,JS,10,1123550,6
k-perf,JS,11,546650,6
k-perf,JS,12,652900,6
k-perf,JS,13,567700,6
k-perf,JS,14,624850,6
k-perf,JS,15,436550,6
k-perf,JS,16,1076000,6
k-perf,JS,17,614750,6
k-perf,JS,18,565400,6
k-perf,JS,19,574300,6
k-perf,JS,20,506200,6
k-perf,JS,21,702150,6
k-perf,JS,22,527150,6
k-perf,JS,23,531850,6
k-perf,JS,24,508000,6
k-perf,JS,25,638250,6
k-perf,JS,26,506300,6
k-perf,JS,27,813000,6
k-perf,JS,28,619150,6
k-perf,JS,29,667350,6
k-perf,JS,30,630550,6
k-perf,JS,31,482500,6
k-perf,JS,32,653650,6
k-perf,JS,33,734400,6
k-perf,JS,34,714650,6
k-perf,JS,35,804550,6
k-perf,JS,36,729550,6
k-perf,JS,37,540850,6
k-perf,JS,38,844600,6
k-perf,JS,39,598400,6
k-perf,JS,40,579700,6
k-perf,JS,41,529800,6
k-perf,JS,42,372150,6
k-perf,JS,43,498700,6
k-perf,JS,44,624900,6
k-perf,JS,45,477450,6
k-perf,JS,46,447100,6
k-perf,JS,47,369000,6
k-perf,JS,48,461400,6
k-perf,JS,49,677450,6
k-perf,JS,50,460100,6
k-perf,JS,51,358800,6
k-perf,JS,52,446850,6
k-perf,JS,53,468600,6
k-perf,JS,54,589600,6
k-perf,JS,55,634000,6
k-perf,JS,56,400800,6
k-perf,JS,57,533350,6
k-perf,JS,58,493900,6
k-perf,JS,59,593500,6
k-perf,JS,60,847750,6
k-perf,JS,61,576450,6
k-perf,JS,62,597850,6
k-perf,JS,63,525950,6
k-perf,JS,64,668000,6
k-perf,JS,65,515050,6
k-perf,JS,66,590800,6
k-perf,JS,67,697400,6
k-perf,JS,68,576550,6
k-perf,JS,69,588600,6
k-perf,JS,70,466950,6
k-perf,JS,71,536300,6
k-perf,JS,72,463200,6
k-perf,JS,73,384900,6
k-perf,JS,74,424350,6
k-perf,JS,75,331400,6
k-perf,JS,76,337850,6
k-perf,JS,77,532200,6
k-perf,JS,78,336550,6
k-perf,JS,79,330550,6
k-perf,JS,80,414250,6
k-perf,JS,81,350600,6
k-perf,JS,82,514150,6
k-perf,JS,83,391200,6
k-perf,JS,84,345050,6
k-perf,JS,85,421300,6
k-perf,JS,86,347900,6
k-perf,JS,87,413050,6
k-perf,JS,88,462200,6
k-perf,JS,89,364750,6
k-perf,JS,90,431900,6
k-perf,JS,91,390100,6
k-perf,JS,92,428050,6
k-perf,JS,93,473400,6
k-perf,JS,94,346950,6
k-perf,JS,95,414000,6
k-perf,JS,96,353100,6
k-perf,JS,97,333100,6
k-perf,JS,98,425400,6
k-perf,JS,99,462000,6
k-perf,JS,100,446600,6
k-perf,JS,101,388100,6
k-perf,JS,102,346600,6
k-perf,JS,103,448050,6
k-perf,JS,104,415550,6
k-perf,JS,105,506950,6
k-perf,JS,106,350500,6
k-perf,JS,107,385150,6
k-perf,JS,108,423200,6
k-perf,JS,109,385000,6
k-perf,JS,110,574750,6
k-perf,JS,111,352900,6
k-perf,JS,112,374400,6
k-perf,JS,113,430800,6
k-perf,JS,114,361750,6
k-perf,JS,115,343050,6
k-perf,JS,116,470950,6
k-perf,JS,117,346450,6
k-perf,JS,118,438900,6
k-perf,JS,119,364450,6
k-perf,JS,120,335900,6
k-perf,JS,121,504300,6
k-perf,JS,122,409800,6
k-perf,JS,123,456950,6
k-perf,JS,124,384150,6
k-perf,JS,125,359750,6
k-perf,JS,126,483950,6
k-perf,JS,127,489600,6
k-perf,JS,128,456900,6
k-perf,JS,129,386650,6
k-perf,JS,130,362850,6
k-perf,JS,131,411100,6
k-perf,JS,132,447400,6
k-perf,JS,133,328050,6
k-perf,JS,134,422850,6
k-perf,JS,135,344200,6
k-perf,JS,136,410600,6
k-perf,JS,137,343650,6
k-perf,JS,138,418250,6
k-perf,JS,139,412400,6
k-perf,JS,140,345100,6
k-perf,JS,141,412500,6
k-perf,JS,142,341800,6
k-perf,JS,143,438950,6
k-perf,JS,144,419550,6
k-perf,JS,145,363900,6
k-perf,JS,146,424200,6
k-perf,JS,147,328900,6
k-perf,JS,148,338850,6
k-perf,JS,149,489450,6
otel,JS,0,11739500,3
otel,JS,1,8053650,3
otel,JS,2,32301950,3
otel,JS,3,1786600,3
otel,JS,4,1406750,3
otel,JS,5,11170050,3
otel,JS,6,1467800,3
otel,JS,7,1642500,3
otel,JS,8,9288650,3
otel,JS,9,1098750,3
otel,JS,10,1134850,3
otel,JS,11,8315300,3
otel,JS,12,1255800,3
otel,JS,13,1843350,3
otel,JS,14,7213850,3
otel,JS,15,1714500,3
otel,JS,16,1133250,3
otel,JS,17,7195400,3
otel,JS,18,1044300,3
otel,JS,19,1081900,3
otel,JS,20,7660950,3
otel,JS,21,1011300,3
otel,JS,22,7362600,3
otel,JS,23,1044600,3
otel,JS,24,1011850,3
otel,JS,25,7597500,3
otel,JS,26,991400,3
otel,JS,27,985500,3
otel,JS,28,7247250,3
otel,JS,29,1051750,3
otel,JS,30,1164000,3
otel,JS,31,9010400,3
otel,JS,32,1271850,3
otel,JS,33,1464550,3
otel,JS,34,7741200,3
otel,JS,35,2302900,3
otel,JS,36,1017200,3
otel,JS,37,6686350,3
otel,JS,38,1312600,3
otel,JS,39,1327950,3
otel,JS,40,8442900,3
otel,JS,41,1017100,3
otel,JS,42,6465000,3
otel,JS,43,957750,3
otel,JS,44,963250,3
otel,JS,45,7769850,3
otel,JS,46,970850,3
otel,JS,47,986450,3
otel,JS,48,7373400,3
otel,JS,49,967700,3
otel,JS,50,939350,3
otel,JS,51,7652550,3
otel,JS,52,949650,3
otel,JS,53,932400,3
otel,JS,54,6526500,3
otel,JS,55,2248100,3
otel,JS,56,2278400,3
otel,JS,57,10656950,3
otel,JS,58,1137500,3
otel,JS,59,1232950,3
otel,JS,60,8542500,3
otel,JS,61,1358400,3
otel,JS,62,9813050,3
otel,JS,63,989550,3
otel,JS,64,933450,3
otel,JS,65,6861800,3
otel,JS,66,1024950,3
otel,JS,67,1027350,3
otel,JS,68,8120250,3
otel,JS,69,942400,3
otel,JS,70,969050,3
otel,JS,71,7099900,3
otel,JS,72,972700,3
otel,JS,73,2026950,3
otel,JS,74,6365650,3
otel,JS,75,946150,3
otel,JS,76,934000,3
otel,JS,77,6574250,3
otel,JS,78,1957400,3
otel,JS,79,934550,3
otel,JS,80,6436850,3
otel,JS,81,951850,3
otel,JS,82,6688200,3
otel,JS,83,3118650,3
otel,JS,84,1001450,3
otel,JS,85,6388600,3
otel,JS,86,962600,3
otel,JS,87,949500,3
otel,JS,88,7038950,3
otel,JS,89,1337550,3
otel,JS,90,1462150,3
otel,JS,91,7655850,3
otel,JS,92,1274050,3
otel,JS,93,1252150,3
otel,JS,94,8718400,3
otel,JS,95,979900,3
otel,JS,96,930050,3
otel,JS,97,6727500,3
otel,JS,98,950400,3
otel,JS,99,956450,3
otel,JS,100,7164400,3
otel,JS,101,1237650,3
otel,JS,102,7279350,3
otel,JS,103,1375050,3
otel,JS,104,1280300,3
otel,JS,105,8288450,3
otel,JS,106,943300,3
otel,JS,107,973600,3
otel,JS,108,6542650,3
otel,JS,109,941450,3
otel,JS,110,1022900,3
otel,JS,111,6632050,3
otel,JS,112,936100,3
otel,JS,113,930900,3
otel,JS,114,6779900,3
otel,JS,115,2490850,3
otel,JS,116,957900,3
otel,JS,117,7473000,3
otel,JS,118,940000,3
otel,JS,119,902300,3
otel,JS,120,6331450,3
otel,JS,121,988600,3
otel,JS,122,7029300,3
otel,JS,123,899500,3
otel,JS,124,887550,3
otel,JS,125,7959950,3
otel,JS,126,864850,3
otel,JS,127,870350,3
otel,JS,128,7043350,3
otel,JS,129,941800,3
otel,JS,130,849300,3
otel,JS,131,5899650,3
otel,JS,132,833700,3
otel,JS,133,831450,3
otel,JS,134,5556450,3
otel,JS,135,831200,3
otel,JS,136,2446350,3
otel,JS,137,5717050,3
otel,JS,138,844150,3
otel,JS,139,832550,3
otel,JS,140,6135500,3
otel,JS,141,846600,3
otel,JS,142,833200,3
otel,JS,143,5686300,3
otel,JS,144,838800,3
otel,JS,145,5708200,3
otel,JS,146,2615700,3
otel,JS,147,868250,3
otel,JS,148,5718100,3
otel,JS,149,833650,3
otel-proto,JS,0,11239300,11
otel-proto,JS,1,7939550,11
otel-proto,JS,2,7395550,11
otel-proto,JS,3,2673800,11
otel-proto,JS,4,2682850,11
otel-proto,JS,5,2825250,11
otel-proto,JS,6,3673900,11
otel-proto,JS,7,2083450,11
otel-proto,JS,8,1899700,11
otel-proto,JS,9,1627950,11
otel-proto,JS,10,2426350,11
otel-proto,JS,11,1320300,11
otel-proto,JS,12,923550,11
otel-proto,JS,13,1097150,11
otel-proto,JS,14,1606000,11
otel-proto,JS,15,930600,11
otel-proto,JS,16,1437350,11
otel-proto,JS,17,741650,11
otel-proto,JS,18,749100,11
otel-proto,JS,19,725650,11
otel-proto,JS,20,716050,11
otel-proto,JS,21,703800,11
otel-proto,JS,22,1137300,11
otel-proto,JS,23,762100,11
otel-proto,JS,24,726750,11
otel-proto,JS,25,755700,11
otel-proto,JS,26,716700,11
otel-proto,JS,27,706900,11
otel-proto,JS,28,748050,11
otel-proto,JS,29,920350,11
otel-proto,JS,30,759500,11
otel-proto,JS,31,763200,11
otel-proto,JS,32,821450,11
otel-proto,JS,33,767500,11
otel-proto,JS,34,1002450,11
otel-proto,JS,35,1167500,11
otel-proto,JS,36,851650,11
otel-proto,JS,37,753650,11
otel-proto,JS,38,787450,11
otel-proto,JS,39,714350,11
otel-proto,JS,40,757200,11
otel-proto,JS,41,663300,11
otel-proto,JS,42,951150,11
otel-proto,JS,43,667700,11
otel-proto,JS,44,666850,11
otel-proto,JS,45,662050,11
otel-proto,JS,46,718250,11
otel-proto,JS,47,732150,11
otel-proto,JS,48,897650,11
otel-proto,JS,49,748950,11
otel-proto,JS,50,686150,11
otel-proto,JS,51,794350,11
otel-proto,JS,52,839150,11
otel-proto,JS,53,761000,11
otel-proto,JS,54,725200,11
otel-proto,JS,55,908000,11
otel-proto,JS,56,666200,11
otel-proto,JS,57,669250,11
otel-proto,JS,58,688300,11
otel-proto,JS,59,871100,11
otel-proto,JS,60,912950,11
otel-proto,JS,61,1099450,11
otel-proto,JS,62,901950,11
otel-proto,JS,63,849100,11
otel-proto,JS,64,886500,11
otel-proto,JS,65,833250,11
otel-proto,JS,66,950850,11
otel-proto,JS,67,999550,11
otel-proto,JS,68,1262750,11
otel-proto,JS,69,967000,11
otel-proto,JS,70,1020600,11
otel-proto,JS,71,869150,11
otel-proto,JS,72,975500,11
otel-proto,JS,73,799100,11
otel-proto,JS,74,879850,11
otel-proto,JS,75,1127900,11
otel-proto,JS,76,894950,11
otel-proto,JS,77,758850,11
otel-proto,JS,78,685150,11
otel-proto,JS,79,698900,11
otel-proto,JS,80,661000,11
otel-proto,JS,81,667050,11
otel-proto,JS,82,930250,11
otel-proto,JS,83,672400,11
otel-proto,JS,84,660850,11
otel-proto,JS,85,683350,11
otel-proto,JS,86,693350,11
otel-proto,JS,87,664500,11
otel-proto,JS,88,720600,11
otel-proto,JS,89,916200,11
otel-proto,JS,90,658850,11
otel-proto,JS,91,658950,11
otel-proto,JS,92,653400,11
otel-proto,JS,93,665950,11
otel-proto,JS,94,659650,11
otel-proto,JS,95,661050,11
otel-proto,JS,96,828300,11
otel-proto,JS,97,661850,11
otel-proto,JS,98,655400,11
otel-proto,JS,99,663250,11
otel-proto,JS,100,647550,11
otel-proto,JS,101,643700,11
otel-proto,JS,102,666300,11
otel-proto,JS,103,787750,11
otel-proto,JS,104,840250,11
otel-proto,JS,105,660500,11
otel-proto,JS,106,682600,11
otel-proto,JS,107,685050,11
otel-proto,JS,108,666800,11
otel-proto,JS,109,658850,11
otel-proto,JS,110,646850,11
otel-proto,JS,111,871700,11
otel-proto,JS,112,650150,11
otel-proto,JS,113,641300,11
otel-proto,JS,114,649100,11
otel-proto,JS,115,638400,11
otel-proto,JS,116,646750,11
otel-proto,JS,117,641250,11
otel-proto,JS,118,826700,11
otel-proto,JS,119,642950,11
otel-proto,JS,120,643600,11
otel-proto,JS,121,647000,11
otel-proto,JS,122,651650,11
otel-proto,JS,123,684050,11
otel-proto,JS,124,696800,11
otel-proto,JS,125,855750,11
otel-proto,JS,126,697650,11
otel-proto,JS,127,674750,11
otel-proto,JS,128,776450,11
otel-proto,JS,129,673900,11
otel-proto,JS,130,683300,11
otel-proto,JS,131,632250,11
otel-proto,JS,132,760400,11
otel-proto,JS,133,656950,11
otel-proto,JS,134,566550,11
otel-proto,JS,135,585850,11
otel-proto,JS,136,599300,11
otel-proto,JS,137,686800,11
otel-proto,JS,138,603800,11
otel-proto,JS,139,598400,11
otel-proto,JS,140,806350,11
otel-proto,JS,141,585150,11
otel-proto,JS,142,578750,11
otel-proto,JS,143,571150,11
otel-proto,JS,144,545350,11
otel-proto,JS,145,547700,11
otel-proto,JS,146,557000,11
otel-proto,JS,147,761900,11
otel-proto,JS,148,564100,11
otel-proto,JS,149,556550,11
otel-proto-timesource,JS,0,11335750,12
otel-proto-timesource,JS,1,7076350,12
otel-proto-timesource,JS,2,8348400,12
otel-proto-timesource,JS,3,2451000,12
otel-proto-timesource,JS,4,2453550,12
otel-proto-timesource,JS,5,2153400,12
otel-proto-timesource,JS,6,3945100,12
otel-proto-timesource,JS,7,1711400,12
otel-proto-timesource,JS,8,1414000,12
otel-proto-timesource,JS,9,1581000,12
otel-proto-timesource,JS,10,1438550,12
otel-proto-timesource,JS,11,2411100,12
otel-proto-timesource,JS,12,863450,12
otel-proto-timesource,JS,13,967250,12
otel-proto-timesource,JS,14,1187550,12
otel-proto-timesource,JS,15,1094200,12
otel-proto-timesource,JS,16,732800,12
otel-proto-timesource,JS,17,1384300,12
otel-proto-timesource,JS,18,709650,12
otel-proto-timesource,JS,19,707450,12
otel-proto-timesource,JS,20,703000,12
otel-proto-timesource,JS,21,723650,12
otel-proto-timesource,JS,22,706650,12
otel-proto-timesource,JS,23,708600,12
otel-proto-timesource,JS,24,976300,12
otel-proto-timesource,JS,25,761250,12
otel-proto-timesource,JS,26,789450,12
otel-proto-timesource,JS,27,742700,12
otel-proto-timesource,JS,28,740100,12
otel-proto-timesource,JS,29,697100,12
otel-proto-timesource,JS,30,765650,12
otel-proto-timesource,JS,31,974350,12
otel-proto-timesource,JS,32,777150,12
otel-proto-timesource,JS,33,691650,12
otel-proto-timesource,JS,34,847800,12
otel-proto-timesource,JS,35,691700,12
otel-proto-timesource,JS,36,683900,12
otel-proto-timesource,JS,37,640950,12
otel-proto-timesource,JS,38,901850,12
otel-proto-timesource,JS,39,719000,12
otel-proto-timesource,JS,40,730100,12
otel-proto-timesource,JS,41,717750,12
otel-proto-timesource,JS,42,649750,12
otel-proto-timesource,JS,43,617250,12
otel-proto-timesource,JS,44,626300,12
otel-proto-timesource,JS,45,841600,12
otel-proto-timesource,JS,46,679850,12
otel-proto-timesource,JS,47,682150,12
otel-proto-timesource,JS,48,685200,12
otel-proto-timesource,JS,49,741800,12
otel-proto-timesource,JS,50,635350,12
otel-proto-timesource,JS,51,756000,12
otel-proto-timesource,JS,52,828900,12
otel-proto-timesource,JS,53,963650,12
otel-proto-timesource,JS,54,736050,12
otel-proto-timesource,JS,55,643850,12
otel-proto-timesource,JS,56,626650,12
otel-proto-timesource,JS,57,718900,12
otel-proto-timesource,JS,58,644450,12
otel-proto-timesource,JS,59,770000,12
otel-proto-timesource,JS,60,1114700,12
otel-proto-timesource,JS,61,861450,12
otel-proto-timesource,JS,62,850300,12
otel-proto-timesource,JS,63,732250,12
otel-proto-timesource,JS,64,728900,12
otel-proto-timesource,JS,65,756700,12
otel-proto-timesource,JS,66,985600,12
otel-proto-timesource,JS,67,1171000,12
otel-proto-timesource,JS,68,1033600,12
otel-proto-timesource,JS,69,778350,12
otel-proto-timesource,JS,70,939300,12
otel-proto-timesource,JS,71,1142200,12
otel-proto-timesource,JS,72,886850,12
otel-proto-timesource,JS,73,879100,12
otel-proto-timesource,JS,74,1252150,12
otel-proto-timesource,JS,75,1020650,12
otel-proto-timesource,JS,76,932500,12
otel-proto-timesource,JS,77,705700,12
otel-proto-timesource,JS,78,789000,12
otel-proto-timesource,JS,79,764850,12
otel-proto-timesource,JS,80,646350,12
otel-proto-timesource,JS,81,679550,12
otel-proto-timesource,JS,82,891150,12
otel-proto-timesource,JS,83,608500,12
otel-proto-timesource,JS,84,589100,12
otel-proto-timesource,JS,85,591950,12
otel-proto-timesource,JS,86,601150,12
otel-proto-timesource,JS,87,595450,12
otel-proto-timesource,JS,88,593100,12
otel-proto-timesource,JS,89,665700,12
otel-proto-timesource,JS,90,779800,12
otel-proto-timesource,JS,91,590550,12
otel-proto-timesource,JS,92,610600,12
otel-proto-timesource,JS,93,611250,12
otel-proto-timesource,JS,94,596750,12
otel-proto-timesource,JS,95,615750,12
otel-proto-timesource,JS,96,602500,12
otel-proto-timesource,JS,97,718200,12
otel-proto-timesource,JS,98,687350,12
otel-proto-timesource,JS,99,615000,12
otel-proto-timesource,JS,100,616400,12
otel-proto-timesource,JS,101,646300,12
otel-proto-timesource,JS,102,667650,12
otel-proto-timesource,JS,103,807750,12
otel-proto-timesource,JS,104,656900,12
otel-proto-timesource,JS,105,777600,12
otel-proto-timesource,JS,106,625650,12
otel-proto-timesource,JS,107,615850,12
otel-proto-timesource,JS,108,607400,12
otel-proto-timesource,JS,109,607850,12
otel-proto-timesource,JS,110,617550,12
otel-proto-timesource,JS,111,646950,12
otel-proto-timesource,JS,112,644300,12
otel-proto-timesource,JS,113,770150,12
otel-proto-timesource,JS,114,583450,12
otel-proto-timesource,JS,115,588850,12
otel-proto-timesource,JS,116,592350,12
otel-proto-timesource,JS,117,588350,12
otel-proto-timesource,JS,118,593000,12
otel-proto-timesource,JS,119,607950,12
otel-proto-timesource,JS,120,612750,12
otel-proto-timesource,JS,121,768250,12
otel-proto-timesource,JS,122,612900,12
otel-proto-timesource,JS,123,660650,12
otel-proto-timesource,JS,124,621550,12
otel-proto-timesource,JS,125,642850,12
otel-proto-timesource,JS,126,651350,12
otel-proto-timesource,JS,127,623600,12
otel-proto-timesource,JS,128,682600,12
otel-proto-timesource,JS,129,920700,12
otel-proto-timesource,JS,130,607850,12
otel-proto-timesource,JS,131,550700,12
otel-proto-timesource,JS,132,513450,12
otel-proto-timesource,JS,133,513800,12
otel-proto-timesource,JS,134,512400,12
otel-proto-timesource,JS,135,512950,12
otel-proto-timesource,JS,136,523050,12
otel-proto-timesource,JS,137,791700,12
otel-proto-timesource,JS,138,549550,12
otel-proto-timesource,JS,139,511550,12
otel-proto-timesource,JS,140,503000,12
otel-proto-timesource,JS,141,501700,12
otel-proto-timesource,JS,142,505650,12
otel-proto-timesource,JS,143,504500,12
otel-proto-timesource,JS,144,506100,12
otel-proto-timesource,JS,145,710050,12
otel-proto-timesource,JS,146,517250,12
otel-proto-timesource,JS,147,513350,12
otel-proto-timesource,JS,148,508500,12
otel-proto-timesource,JS,149,512200,12
baseline,Native,0,228500,1
baseline,Native,1,1400,1
baseline,Native,2,900,1
baseline,Native,3,800,1
baseline,Native,4,800,1
baseline,Native,5,700,1
baseline,Native,6,700,1
baseline,Native,7,700,1
baseline,Native,8,700,1
baseline,Native,9,700,1
baseline,Native,10,700,1
baseline,Native,11,700,1
baseline,Native,12,700,1
baseline,Native,13,700,1
baseline,Native,14,700,1
baseline,Native,15,700,1
baseline,Native,16,700,1
baseline,Native,17,700,1
baseline,Native,18,750,1
baseline,Native,19,750,1
baseline,Native,20,900,1
baseline,Native,21,1000,1
baseline,Native,22,1000,1
baseline,Native,23,1200,1
baseline,Native,24,1150,1
baseline,Native,25,1000,1
baseline,Native,26,1600,1
baseline,Native,27,1200,1
baseline,Native,28,1100,1
baseline,Native,29,950,1
baseline,Native,30,1000,1
baseline,Native,31,1050,1
baseline,Native,32,1000,1
baseline,Native,33,900,1
baseline,Native,34,950,1
baseline,Native,35,900,1
baseline,Native,36,900,1
baseline,Native,37,900,1
baseline,Native,38,1050,1
baseline,Native,39,1000,1
baseline,Native,40,950,1
baseline,Native,41,1350,1
baseline,Native,42,1150,1
baseline,Native,43,1300,1
baseline,Native,44,1250,1
baseline,Native,45,1450,1
baseline,Native,46,1100,1
baseline,Native,47,1100,1
baseline,Native,48,1400,1
baseline,Native,49,1150,1
baseline,Native,50,1350,1
baseline,Native,51,1400,1
baseline,Native,52,1100,1
baseline,Native,53,1150,1
baseline,Native,54,1300,1
baseline,Native,55,1550,1
baseline,Native,56,1550,1
baseline,Native,57,1500,1
baseline,Native,58,1250,1
baseline,Native,59,1200,1
baseline,Native,60,1350,1
baseline,Native,61,1400,1
baseline,Native,62,1350,1
baseline,Native,63,1400,1
baseline,Native,64,1350,1
baseline,Native,65,1300,1
baseline,Native,66,1400,1
baseline,Native,67,1500,1
baseline,Native,68,1400,1
baseline,Native,69,1450,1
baseline,Native,70,1450,1
baseline,Native,71,1650,1
baseline,Native,72,1500,1
baseline,Native,73,1500,1
baseline,Native,74,1550,1
baseline,Native,75,1450,1
baseline,Native,76,1300,1
baseline,Native,77,1350,1
baseline,Native,78,1200,1
baseline,Native,79,1250,1
baseline,Native,80,1150,1
baseline,Native,81,1350,1
baseline,Native,82,1400,1
baseline,Native,83,1400,1
baseline,Native,84,1750,1
baseline,Native,85,1450,1
baseline,Native,86,1550,1
baseline,Native,87,1500,1
baseline,Native,88,1450,1
baseline,Native,89,1350,1
baseline,Native,90,1300,1
baseline,Native,91,1500,1
baseline,Native,92,1550,1
baseline,Native,93,1400,1
baseline,Native,94,1300,1
baseline,Native,95,1400,1
baseline,Native,96,1300,1
baseline,Native,97,1350,1
baseline,Native,98,1500,1
baseline,Native,99,1250,1
baseline,Native,100,1350,1
baseline,Native,101,1500,1
baseline,Native,102,1600,1
baseline,Native,103,1300,1
baseline,Native,104,1350,1
baseline,Native,105,1350,1
baseline,Native,106,1350,1
baseline,Native,107,1350,1
baseline,Native,108,1550,1
baseline,Native,109,1400,1
baseline,Native,110,1500,1
baseline,Native,111,1500,1
baseline,Native,112,1400,1
baseline,Native,113,1600,1
baseline,Native,114,1400,1
baseline,Native,115,1450,1
baseline,Native,116,1450,1
baseline,Native,117,1450,1
baseline,Native,118,1600,1
baseline,Native,119,1250,1
baseline,Native,120,1350,1
baseline,Native,121,1400,1
baseline,Native,122,1450,1
baseline,Native,123,1400,1
baseline,Native,124,1550,1
baseline,Native,125,1300,1
baseline,Native,126,1250,1
baseline,Native,127,1450,1
baseline,Native,128,1650,1
baseline,Native,129,1650,1
baseline,Native,130,1600,1
baseline,Native,131,1550,1
baseline,Native,132,1350,1
baseline,Native,133,1500,1
baseline,Native,134,1650,1
baseline,Native,135,1350,1
baseline,Native,136,1350,1
baseline,Native,137,1450,1
baseline,Native,138,1550,1
baseline,Native,139,1600,1
baseline,Native,140,1450,1
baseline,Native,141,1550,1
baseline,Native,142,1500,1
baseline,Native,143,1350,1
baseline,Native,144,1600,1
baseline,Native,145,1500,1
baseline,Native,146,1600,1
baseline,Native,147,1550,1
baseline,Native,148,1450,1
baseline,Native,149,1350,1
k-perf,Native,0,202000,0
k-perf,Native,1,162500,0
k-perf,Native,2,155450,0
k-perf,Native,3,155700,0
k-perf,Native,4,155850,0
k-perf,Native,5,250700,0
k-perf,Native,6,155600,0
k-perf,Native,7,197200,0
k-perf,Native,8,155450,0
k-perf,Native,9,193300,0
k-perf,Native,10,155300,0
k-perf,Native,11,193300,0
k-perf,Native,12,155150,0
k-perf,Native,13,196650,0
k-perf,Native,14,154400,0
k-perf,Native,15,235150,0
k-perf,Native,16,166000,0
k-perf,Native,17,154200,0
k-perf,Native,18,192700,0
k-perf,Native,19,153850,0
k-perf,Native,20,153800,0
k-perf,Native,21,154750,0
k-perf,Native,22,265200,0
k-perf,Native,23,155200,0
k-perf,Native,24,154350,0
k-perf,Native,25,154450,0
k-perf,Native,26,192750,0
k-perf,Native,27,191400,0
k-perf,Native,28,166600,0
k-perf,Native,29,154300,0
k-perf,Native,30,229850,0
k-perf,Native,31,154600,0
k-perf,Native,32,154250,0
k-perf,Native,33,165800,0
k-perf,Native,34,154600,0
k-perf,Native,35,154400,0
k-perf,Native,36,193000,0
k-perf,Native,37,154100,0
k-perf,Native,38,191150,0
k-perf,Native,39,202600,0
k-perf,Native,40,154000,0
k-perf,Native,41,154450,0
k-perf,Native,42,154250,0
k-perf,Native,43,154350,0
k-perf,Native,44,164700,0
k-perf,Native,45,307350,0
k-perf,Native,46,154250,0
k-perf,Native,47,153950,0
k-perf,Native,48,154250,0
k-perf,Native,49,154550,0
k-perf,Native,50,199700,0
k-perf,Native,51,154600,0
k-perf,Native,52,212650,0
k-perf,Native,53,209050,0
k-perf,Native,54,210500,0
k-perf,Native,55,155350,0
k-perf,Native,56,182150,0
k-perf,Native,57,155500,0
k-perf,Native,58,155450,0
k-perf,Native,59,154950,0
k-perf,Native,60,269200,0
k-perf,Native,61,167450,0
k-perf,Native,62,155300,0
k-perf,Native,63,212900,0
k-perf,Native,64,154650,0
k-perf,Native,65,209500,0
k-perf,Native,66,154400,0
k-perf,Native,67,166050,0
k-perf,Native,68,268000,0
k-perf,Native,69,154050,0
k-perf,Native,70,155650,0
k-perf,Native,71,154750,0
k-perf,Native,72,210900,0
k-perf,Native,73,172950,0
k-perf,Native,74,154850,0
k-perf,Native,75,210400,0
k-perf,Native,76,210200,0
k-perf,Native,77,154900,0
k-perf,Native,78,222150,0
k-perf,Native,79,154650,0
k-perf,Native,80,154150,0
k-perf,Native,81,154600,0
k-perf,Native,82,209550,0
k-perf,Native,83,203000,0
k-perf,Native,84,166200,0
k-perf,Native,85,155850,0
k-perf,Native,86,155350,0
k-perf,Native,87,154800,0
k-perf,Native,88,154700,0
k-perf,Native,89,224000,0
k-perf,Native,90,194600,0
k-perf,Native,91,301550,0
k-perf,Native,92,154200,0
k-perf,Native,93,154200,0
k-perf,Native,94,154250,0
k-perf,Native,95,174600,0
k-perf,Native,96,153900,0
k-perf,Native,97,154800,0
k-perf,Native,98,194400,0
k-perf,Native,99,154400,0
k-perf,Native,100,191900,0
k-perf,Native,101,165950,0
k-perf,Native,102,154800,0
k-perf,Native,103,160600,0
k-perf,Native,104,193450,0
k-perf,Native,105,191650,0
k-perf,Native,106,206950,0
k-perf,Native,107,154200,0
k-perf,Native,108,154650,0
k-perf,Native,109,193150,0
k-perf,Native,110,154250,0
k-perf,Native,111,154000,0
k-perf,Native,112,164800,0
k-perf,Native,113,155150,0
k-perf,Native,114,234950,0
k-perf,Native,115,154350,0
k-perf,Native,116,153950,0
k-perf,Native,117,196200,0
k-perf,Native,118,219250,0
k-perf,Native,119,154200,0
k-perf,Native,120,208750,0
k-perf,Native,121,209350,0
k-perf,Native,122,154650,0
k-perf,Native,123,165000,0
k-perf,Native,124,154800,0
k-perf,Native,125,155100,0
k-perf,Native,126,154350,0
k-perf,Native,127,212700,0
k-perf,Native,128,154250,0
k-perf,Native,129,223150,0
k-perf,Native,130,209850,0
k-perf,Native,131,154250,0
k-perf,Native,132,154200,0
k-perf,Native,133,154250,0
k-perf,Native,134,164550,0
k-perf,Native,135,213000,0
k-perf,Native,136,263150,0
k-perf,Native,137,212700,0
k-perf,Native,138,154200,0
k-perf,Native,139,155050,0
k-perf,Native,140,165700,0
k-perf,Native,141,154950,0
k-perf,Native,142,154550,0
k-perf,Native,143,213900,0
k-perf,Native,144,212450,0
k-perf,Native,145,214450,0
k-perf,Native,146,167250,0
k-perf,Native,147,154550,0
k-perf,Native,148,155100,0
k-perf,Native,149,154350,0
otel,Native,0,604750,0
otel,Native,1,521600,0
otel,Native,2,11365700,0
otel,Native,3,677700,0
otel,Native,4,935500,0
otel,Native,5,11583850,0
otel,Native,6,770700,0
otel,Native,7,2049600,0
otel,Native,8,21662750,0
otel,Native,9,706050,0
otel,Native,10,599400,0
otel,Native,11,13086800,0
otel,Native,12,948600,0
otel,Native,13,896800,0
otel,Native,14,12092400,0
otel,Native,15,1066350,0
otel,Native,16,932700,0
otel,Native,17,16826550,0
otel,Native,18,957850,0
otel,Native,19,638200,0
otel,Native,20,16554650,0
otel,Native,21,704500,0
otel,Native,22,15572100,0
otel,Native,23,637350,0
otel,Native,24,643200,0
otel,Native,25,15794700,0
otel,Native,26,1094800,0
otel,Native,27,919900,0
otel,Native,28,16149700,0
otel,Native,29,774950,0
otel,Native,30,753000,0
otel,Native,31,16003000,0
otel,Native,32,632950,0
otel,Native,33,668300,0
otel,Native,34,15472800,0
otel,Native,35,623700,0
otel,Native,36,735650,0
otel,Native,37,16099750,0
otel,Native,38,575250,0
otel,Native,39,570500,0
otel,Native,40,16420450,0
otel,Native,41,622700,0
otel,Native,42,16738050,0
otel,Native,43,714800,0
otel,Native,44,556200,0
otel,Native,45,15899150,0
otel,Native,46,721250,0
otel,Native,47,624300,0
otel,Native,48,15777350,0
otel,Native,49,908200,0
otel,Native,50,705550,0
otel,Native,51,16613400,0
otel,Native,52,610650,0
otel,Native,53,640650,0
otel,Native,54,16184500,0
otel,Native,55,656650,0
otel,Native,56,571000,0
otel,Native,57,16203950,0
otel,Native,58,589300,0
otel,Native,59,585650,0
otel,Native,60,15861950,0
otel,Native,61,829800,0
otel,Native,62,16274850,0
otel,Native,63,824950,0
otel,Native,64,595850,0
otel,Native,65,15775900,0
otel,Native,66,654150,0
otel,Native,67,582750,0
otel,Native,68,16515250,0
otel,Native,69,715900,0
otel,Native,70,580950,0
otel,Native,71,16098950,0
otel,Native,72,609900,0
otel,Native,73,559150,0
otel,Native,74,15622600,0
otel,Native,75,807850,0
otel,Native,76,590700,0
otel,Native,77,16422100,0
otel,Native,78,599150,0
otel,Native,79,612300,0
otel,Native,80,16469600,0
otel,Native,81,622350,0
otel,Native,82,16221050,0
otel,Native,83,573400,0
otel,Native,84,534400,0
otel,Native,85,15998100,0
otel,Native,86,961750,0
otel,Native,87,606600,0
otel,Native,88,17419800,0
otel,Native,89,648300,0
otel,Native,90,609800,0
otel,Native,91,16468600,0
otel,Native,92,768300,0
otel,Native,93,768000,0
otel,Native,94,16542900,0
otel,Native,95,585550,0
otel,Native,96,582050,0
otel,Native,97,16404650,0
otel,Native,98,599550,0
otel,Native,99,581100,0
otel,Native,100,15873350,0
otel,Native,101,631400,0
otel,Native,102,16551400,0
otel,Native,103,600400,0
otel,Native,104,645200,0
otel,Native,105,17061950,0
otel,Native,106,756300,0
otel,Native,107,711900,0
otel,Native,108,16274050,0
otel,Native,109,756400,0
otel,Native,110,628800,0
otel,Native,111,16406700,0
otel,Native,112,660450,0
otel,Native,113,645850,0
otel,Native,114,15349950,0
otel,Native,115,619100,0
otel,Native,116,602050,0
otel,Native,117,16392000,0
otel,Native,118,760700,0
otel,Native,119,576700,0
otel,Native,120,17055250,0
otel,Native,121,593100,0
otel,Native,122,16290000,0
otel,Native,123,741350,0
otel,Native,124,641750,0
otel,Native,125,15588150,0
otel,Native,126,589750,0
otel,Native,127,560650,0
otel,Native,128,16435650,0
otel,Native,129,597400,0
otel,Native,130,615050,0
otel,Native,131,16576300,0
otel,Native,132,716050,0
otel,Native,133,631050,0
otel,Native,134,16506850,0
otel,Native,135,785400,0
otel,Native,136,646800,0
otel,Native,137,16177200,0
otel,Native,138,604200,0
otel,Native,139,637700,0
otel,Native,140,15917500,0
otel,Native,141,582850,0
otel,Native,142,560150,0
otel,Native,143,16106850,0
otel,Native,144,619300,0
otel,Native,145,15550450,0
otel,Native,146,907950,0
otel,Native,147,618900,0
otel,Native,148,15585550,0
otel,Native,149,903450,0
otel-proto,Native,0,616100,0
otel-proto,Native,1,487500,0
otel-proto,Native,2,657000,0
otel-proto,Native,3,711200,0
otel-proto,Native,4,699750,0
otel-proto,Native,5,603400,0
otel-proto,Native,6,769100,0
otel-proto,Native,7,700350,0
otel-proto,Native,8,589550,0
otel-proto,Native,9,656300,0
otel-proto,Native,10,764600,0
otel-proto,Native,11,589800,0
otel-proto,Native,12,710150,0
otel-proto,Native,13,740250,0
otel-proto,Native,14,612150,0
otel-proto,Native,15,654350,0
otel-proto,Native,16,612550,0
otel-proto,Native,17,702050,0
otel-proto,Native,18,662300,0
otel-proto,Native,19,1773400,0
otel-proto,Native,20,476400,0
otel-proto,Native,21,480800,0
otel-proto,Native,22,478050,0
otel-proto,Native,23,475650,0
otel-proto,Native,24,477850,0
otel-proto,Native,25,469850,0
otel-proto,Native,26,477750,0
otel-proto,Native,27,2064800,0
otel-proto,Native,28,478650,0
otel-proto,Native,29,479450,0
otel-proto,Native,30,476500,0
otel-proto,Native,31,477600,0
otel-proto,Native,32,470200,0
otel-proto,Native,33,468800,0
otel-proto,Native,34,466950,0
otel-proto,Native,35,1412850,0
otel-proto,Native,36,476450,0
otel-proto,Native,37,471800,0
otel-proto,Native,38,476600,0
otel-proto,Native,39,468200,0
otel-proto,Native,40,471850,0
otel-proto,Native,41,469650,0
otel-proto,Native,42,471900,0
otel-proto,Native,43,1345950,0
otel-proto,Native,44,474950,0
otel-proto,Native,45,476250,0
otel-proto,Native,46,481600,0
otel-proto,Native,47,472000,0
otel-proto,Native,48,475750,0
otel-proto,Native,49,471850,0
otel-proto,Native,50,1445900,0
otel-proto,Native,51,475750,0
otel-proto,Native,52,477450,0
otel-proto,Native,53,471100,0
otel-proto,Native,54,480100,0
otel-proto,Native,55,470350,0
otel-proto,Native,56,472900,0
otel-proto,Native,57,470850,0
otel-proto,Native,58,1487650,0
otel-proto,Native,59,473600,0
otel-proto,Native,60,471550,0
otel-proto,Native,61,474600,0
otel-proto,Native,62,476100,0
otel-proto,Native,63,473650,0
otel-proto,Native,64,467100,0
otel-proto,Native,65,468350,0
otel-proto,Native,66,1367450,0
otel-proto,Native,67,475250,0
otel-proto,Native,68,475200,0
otel-proto,Native,69,477400,0
otel-proto,Native,70,475200,0
otel-proto,Native,71,476400,0
otel-proto,Native,72,472350,0
otel-proto,Native,73,471000,0
otel-proto,Native,74,1439500,0
otel-proto,Native,75,477200,0
otel-proto,Native,76,475600,0
otel-proto,Native,77,478250,0
otel-proto,Native,78,472450,0
otel-proto,Native,79,474450,0
otel-proto,Native,80,469500,0
otel-proto,Native,81,468000,0
otel-proto,Native,82,1398700,0
otel-proto,Native,83,476200,0
otel-proto,Native,84,473950,0
otel-proto,Native,85,479900,0
otel-proto,Native,86,469850,0
otel-proto,Native,87,476000,0
otel-proto,Native,88,470900,0
otel-proto,Native,89,480200,0
otel-proto,Native,90,1183800,0
otel-proto,Native,91,476450,0
otel-proto,Native,92,473550,0
otel-proto,Native,93,480250,0
otel-proto,Native,94,468800,0
otel-proto,Native,95,472800,0
otel-proto,Native,96,470450,0
otel-proto,Native,97,1430550,0
otel-proto,Native,98,475250,0
otel-proto,Native,99,474700,0
otel-proto,Native,100,478550,0
otel-proto,Native,101,479000,0
otel-proto,Native,102,470900,0
otel-proto,Native,103,468100,0
otel-proto,Native,104,468500,0
otel-proto,Native,105,1423400,0
otel-proto,Native,106,475950,0
otel-proto,Native,107,476350,0
otel-proto,Native,108,472500,0
otel-proto,Native,109,470850,0
otel-proto,Native,110,470550,0
otel-proto,Native,111,466950,0
otel-proto,Native,112,470950,0
otel-proto,Native,113,1335750,0
otel-proto,Native,114,473950,0
otel-proto,Native,115,473300,0
otel-proto,Native,116,476100,0
otel-proto,Native,117,474200,0
otel-proto,Native,118,471350,0
otel-proto,Native,119,473450,0
otel-proto,Native,120,470600,0
otel-proto,Native,121,1391250,0
otel-proto,Native,122,474350,0
otel-proto,Native,123,476300,0
otel-proto,Native,124,475100,0
otel-proto,Native,125,473100,0
otel-proto,Native,126,474900,0
otel-proto,Native,127,475350,0
otel-proto,Native,128,472650,0
otel-proto,Native,129,1337100,0
otel-proto,Native,130,471100,0
otel-proto,Native,131,476200,0
otel-proto,Native,132,483850,0
otel-proto,Native,133,472800,0
otel-proto,Native,134,473800,0
otel-proto,Native,135,471350,0
otel-proto,Native,136,1344550,0
otel-proto,Native,137,474300,0
otel-proto,Native,138,474750,0
otel-proto,Native,139,476650,0
otel-proto,Native,140,480300,0
otel-proto,Native,141,471500,0
otel-proto,Native,142,471950,0
otel-proto,Native,143,469650,0
otel-proto,Native,144,1409700,0
otel-proto,Native,145,473300,0
otel-proto,Native,146,473000,0
otel-proto,Native,147,472900,0
otel-proto,Native,148,476500,0
otel-proto,Native,149,472350,0
otel-proto-timesource,Native,0,610750,0
otel-proto-timesource,Native,1,483100,0
otel-proto-timesource,Native,2,642800,0
otel-proto-timesource,Native,3,721850,0
otel-proto-timesource,Native,4,693350,0
otel-proto-timesource,Native,5,603250,0
otel-proto-timesource,Native,6,748150,0
otel-proto-timesource,Native,7,685400,0
otel-proto-timesource,Native,8,566200,0
otel-proto-timesource,Native,9,641900,0
otel-proto-timesource,Native,10,770500,0
otel-proto-timesource,Native,11,624450,0
otel-proto-timesource,Native,12,726250,0
otel-proto-timesource,Native,13,793850,0
otel-proto-timesource,Native,14,644350,0
otel-proto-timesource,Native,15,651250,0
otel-proto-timesource,Native,16,646450,0
otel-proto-timesource,Native,17,750350,0
otel-proto-timesource,Native,18,662500,0
otel-proto-timesource,Native,19,1875100,0
otel-proto-timesource,Native,20,474350,0
otel-proto-timesource,Native,21,542000,0
otel-proto-timesource,Native,22,476000,0
otel-proto-timesource,Native,23,469650,0
otel-proto-timesource,Native,24,472050,0
otel-proto-timesource,Native,25,472100,0
otel-proto-timesource,Native,26,466350,0
otel-proto-timesource,Native,27,2109800,0
otel-proto-timesource,Native,28,469400,0
otel-proto-timesource,Native,29,468400,0
otel-proto-timesource,Native,30,472050,0
otel-proto-timesource,Native,31,468150,0
otel-proto-timesource,Native,32,468400,0
otel-proto-timesource,Native,33,482900,0
otel-proto-timesource,Native,34,468550,0
otel-proto-timesource,Native,35,1624650,0
otel-proto-timesource,Native,36,470800,0
otel-proto-timesource,Native,37,472700,0
otel-proto-timesource,Native,38,487600,0
otel-proto-timesource,Native,39,471850,0
otel-proto-timesource,Native,40,478150,0
otel-proto-timesource,Native,41,473950,0
otel-proto-timesource,Native,42,560100,0
otel-proto-timesource,Native,43,1333850,0
otel-proto-timesource,Native,44,471000,0
otel-proto-timesource,Native,45,489350,0
otel-proto-timesource,Native,46,485900,0
otel-proto-timesource,Native,47,473900,0
otel-proto-timesource,Native,48,471000,0
otel-proto-timesource,Native,49,463850,0
otel-proto-timesource,Native,50,1506850,0
otel-proto-timesource,Native,51,469900,0
otel-proto-timesource,Native,52,467300,0
otel-proto-timesource,Native,53,471300,0
otel-proto-timesource,Native,54,480250,0
otel-proto-timesource,Native,55,480950,0
otel-proto-timesource,Native,56,474150,0
otel-proto-timesource,Native,57,476600,0
otel-proto-timesource,Native,58,1515600,0
otel-proto-timesource,Native,59,486000,0
otel-proto-timesource,Native,60,472050,0
otel-proto-timesource,Native,61,476700,0
otel-proto-timesource,Native,62,487950,0
otel-proto-timesource,Native,63,475500,0
otel-proto-timesource,Native,64,487700,0
otel-proto-timesource,Native,65,461550,0
otel-proto-timesource,Native,66,1502150,0
otel-proto-timesource,Native,67,484600,0
otel-proto-timesource,Native,68,471550,0
otel-proto-timesource,Native,69,471900,0
otel-proto-timesource,Native,70,466550,0
otel-proto-timesource,Native,71,469200,0
otel-proto-timesource,Native,72,464700,0
otel-proto-timesource,Native,73,471550,0
otel-proto-timesource,Native,74,1356700,0
otel-proto-timesource,Native,75,469550,0
otel-proto-timesource,Native,76,468400,0
otel-proto-timesource,Native,77,474200,0
otel-proto-timesource,Native,78,469750,0
otel-proto-timesource,Native,79,495850,0
otel-proto-timesource,Native,80,476100,0
otel-proto-timesource,Native,81,721300,0
otel-proto-timesource,Native,82,1322650,0
otel-proto-timesource,Native,83,476700,0
otel-proto-timesource,Native,84,469300,0
otel-proto-timesource,Native,85,473350,0
otel-proto-timesource,Native,86,495550,0
otel-proto-timesource,Native,87,483350,0
otel-proto-timesource,Native,88,476800,0
otel-proto-timesource,Native,89,1469600,0
otel-proto-timesource,Native,90,864050,0
otel-proto-timesource,Native,91,466900,0
otel-proto-timesource,Native,92,474250,0
otel-proto-timesource,Native,93,474900,0
otel-proto-timesource,Native,94,464350,0
otel-proto-timesource,Native,95,467750,0
otel-proto-timesource,Native,96,461850,0
otel-proto-timesource,Native,97,1555550,0
otel-proto-timesource,Native,98,488000,0
otel-proto-timesource,Native,99,469650,0
otel-proto-timesource,Native,100,493700,0
otel-proto-timesource,Native,101,472850,0
otel-proto-timesource,Native,102,465100,0
otel-proto-timesource,Native,103,472500,0
otel-proto-timesource,Native,104,486450,0
otel-proto-timesource,Native,105,1509200,0
otel-proto-timesource,Native,106,489150,0
otel-proto-timesource,Native,107,475400,0
otel-proto-timesource,Native,108,471850,0
otel-proto-timesource,Native,109,471400,0
otel-proto-timesource,Native,110,467050,0
otel-proto-timesource,Native,111,465700,0
otel-proto-timesource,Native,112,571050,0
otel-proto-timesource,Native,113,1293200,0
otel-proto-timesource,Native,114,476150,0
otel-proto-timesource,Native,115,469050,0
otel-proto-timesource,Native,116,477250,0
otel-proto-timesource,Native,117,469500,0
otel-proto-timesource,Native,118,469500,0
otel-proto-timesource,Native,119,466550,0
otel-proto-timesource,Native,120,486050,0
otel-proto-timesource,Native,121,1346850,0
otel-proto-timesource,Native,122,468600,0
otel-proto-timesource,Native,123,469900,0
otel-proto-timesource,Native,124,477000,0
otel-proto-timesource,Native,125,473900,0
otel-proto-timesource,Native,126,469350,0
otel-proto-timesource,Native,127,465150,0
otel-proto-timesource,Native,128,1288400,0
otel-proto-timesource,Native,129,838300,0
otel-proto-timesource,Native,130,475700,0
otel-proto-timesource,Native,131,471900,0
otel-proto-timesource,Native,132,472900,0
otel-proto-timesource,Native,133,471700,0
otel-proto-timesource,Native,134,467950,0
otel-proto-timesource,Native,135,467200,0
otel-proto-timesource,Native,136,1447350,0
otel-proto-timesource,Native,137,535950,0
otel-proto-timesource,Native,138,477800,0
otel-proto-timesource,Native,139,483850,0
otel-proto-timesource,Native,140,503050,0
otel-proto-timesource,Native,141,478600,0
otel-proto-timesource,Native,142,484600,0
otel-proto-timesource,Native,143,490600,0
otel-proto-timesource,Native,144,1391700,0
otel-proto-timesource,Native,145,496850,0
otel-proto-timesource,Native,146,487500,0
otel-proto-timesource,Native,147,507950,0
otel-proto-timesource,Native,148,475900,0
otel-proto-timesource,Native,149,479650,0
